customer_id,first_name,last_name,age,city,state,member_since
1,Sophia,Johnson,63,Boston,MA,2021-07-17
2,Lucas,Rodriguez,63,San Diego,CA,2020-07-28
3,Ellie,Wright,21,Portland,OR,2023-04-24
4,Noah,Johnson,21,Columbus,OH,2021-03-23
5,Leo,Hill,17,San Diego,CA,2023-02-23
6,Aubrey,Adams,60,San Antonio,TX,2023-01-21
7,Lucas,Lewis,53,Columbus,OH,2021-07-23
8,Gabriel,Hernandez,60,New York,NY,2022-05-15
9,Harper,Martinez,29,Austin,TX,2021-11-20
10,Ava,Harris,22,Houston,TX,2022-01-05
11,Hudson,Taylor,67,Jacksonville,FL,2020-03-29
12,Layla,Wright,23,Atlanta,GA,2022-02-14
13,Lily,Jackson,69,Chicago,IL,2023-07-11
14,Camila,Torres,28,Nashville,TN,2023-12-13
15,Noah,Nelson,30,Chicago,IL,2021-08-15
16,Lucas,Miller,40,Chicago,IL,2021-07-23
17,Mateo,White,26,Charlotte,NC,2022-01-28
18,Charlotte,Nelson,33,Jacksonville,FL,2023-12-08
19,Lillian,Jones,54,Portland,OR,2023-07-24
20,Julian,Campbell,31,Philadelphia,PA,2020-11-30
21,Aiden,Moore,56,Charlotte,NC,2023-11-10
22,Lucas,Baker,36,Seattle,WA,2020-04-24
23,Noah,Lee,41,San Diego,CA,2021-07-02
24,Charlotte,Torres,72,Chicago,IL,2021-10-06
25,Lillian,Young,41,San Antonio,TX,2023-08-09
26,Isabella,Taylor,24,Charlotte,NC,2021-05-20
27,Lily,Wright,32,Atlanta,GA,2023-04-12
28,Eleanor,Sanchez,39,Columbus,OH,2021-03-25
29,Leo,Young,21,Phoenix,AZ,2020-04-06
30,Isabella,Green,26,Houston,TX,2023-10-25
31,Hudson,Jones,40,Columbus,OH,2022-02-20
32,Layla,King,32,Nashville,TN,2023-02-07
33,Addison,Campbell,23,New York,NY,2023-10-28
34,Gabriel,Moore,65,Seattle,WA,2023-08-05
35,Sophia,Jackson,43,Austin,TX,2020-11-19
36,Liam,Campbell,72,Charlotte,NC,2021-06-23
37,Gabriel,Lopez,48,San Francisco,CA,2020-08-05
38,Evelyn,Green,48,Boston,MA,2023-06-01
39,Isabella,White,64,San Antonio,TX,2020-11-26
40,Stella,King,16,Seattle,WA,2023-05-11
41,Zoey,Johnson,23,Austin,TX,2022-01-13
42,Amelia,Brown,31,San Jose,CA,2023-03-07
43,Ava,Campbell,47,Chicago,IL,2020-05-21
44,Julian,Roberts,24,Minneapolis,MN,2020-09-19
45,Dylan,Scott,26,Portland,OR,2021-06-26
46,Hudson,Ramirez,29,San Francisco,CA,2023-01-09
47,Logan,Hall,28,Minneapolis,MN,2023-12-31
48,Penelope,Nelson,57,San Jose,CA,2022-02-03
49,Nora,Lewis,23,Charlotte,NC,2021-05-22
50,Oliver,Perez,17,San Diego,CA,2023-04-19
51,Lucas,Nguyen,30,Seattle,WA,2020-01-15
52,Aubrey,Green,19,Chicago,IL,2021-04-13
53,Noah,Perez,20,Chicago,IL,2022-11-18
54,Harper,Nelson,47,San Diego,CA,2021-03-14
55,Elijah,Campbell,72,Seattle,WA,2023-03-15
56,Dylan,Thomas,66,Denver,CO,2022-08-26
57,Henry,Miller,22,Columbus,OH,2023-09-11
58,Sebastian,Ramirez,42,Columbus,OH,2022-08-14
59,Emma,Baker,57,Atlanta,GA,2023-08-16
60,Emma,Sanchez,62,Houston,TX,2021-11-25
61,Amelia,Gonzalez,28,Houston,TX,2023-01-03
62,Elijah,Ramirez,27,Charlotte,NC,2021-07-24
63,Amelia,Jones,44,Charlotte,NC,2023-02-01
64,Emma,Adams,50,Houston,TX,2020-01-31
65,Gabriel,Thomas,26,Chicago,IL,2022-04-12
66,Dylan,Wilson,71,Indianapolis,IN,2022-04-01
67,William,Harris,16,Los Angeles,CA,2022-03-10
68,Layla,Jackson,43,Dallas,TX,2023-11-27
69,Lily,Nelson,61,Atlanta,GA,2022-09-23
70,Henry,Jackson,29,Phoenix,AZ,2020-04-29
71,Ellie,Wright,19,Denver,CO,2021-10-04
72,Emma,Nguyen,46,Los Angeles,CA,2022-10-26
73,William,Brown,48,San Francisco,CA,2020-06-13
74,Oliver,Hill,20,Philadelphia,PA,2023-10-14
75,Penelope,Davis,72,San Diego,CA,2023-03-12
76,Eleanor,Hill,18,San Diego,CA,2023-06-22
77,Owen,Nelson,53,Chicago,IL,2023-03-03
78,Jack,Taylor,29,San Francisco,CA,2023-10-03
79,Jack,Thomas,32,Miami,FL,2022-03-21
80,Jackson,Adams,35,Phoenix,AZ,2022-07-25
81,Gabriel,Jones,16,Austin,TX,2022-07-27
82,Luca,Miller,20,Nashville,TN,2023-01-06
83,Leo,Taylor,24,San Antonio,TX,2021-12-15
84,Amelia,White,34,Chicago,IL,2020-11-19
85,Julian,Rivera,35,Charlotte,NC,2023-06-06
86,Nora,Smith,58,Boston,MA,2023-02-09
87,Jackson,Miller,72,San Jose,CA,2020-10-02
88,Sophia,Miller,63,Dallas,TX,2023-02-07
89,Harper,Jackson,54,Phoenix,AZ,2021-03-07
90,Luna,Wilson,59,Miami,FL,2023-07-22
91,Leo,Young,32,Dallas,TX,2020-04-14
92,Mateo,Ramirez,69,Chicago,IL,2021-07-20
93,Liam,Perez,65,Los Angeles,CA,2020-09-24
94,Benjamin,Hernandez,63,Boston,MA,2022-06-23
95,Aubrey,Ramirez,51,Seattle,WA,2020-01-20
96,Oliver,Hall,25,Houston,TX,2023-01-22
97,Camila,Nguyen,51,Los Angeles,CA,2020-10-30
98,Elijah,Williams,35,Columbus,OH,2022-01-16
99,Sebastian,Wilson,59,Los Angeles,CA,2021-05-26
100,James,Thompson,65,Portland,OR,2023-02-20
101,Hannah,Mitchell,25,Columbus,OH,2021-04-29
102,Mia,Clark,17,Philadelphia,PA,2021-01-02
103,Luna,Clark,67,Atlanta,GA,2023-10-03
104,Amelia,Moore,26,Atlanta,GA,2023-12-07
105,Aiden,Williams,70,Houston,TX,2022-08-21
106,Henry,Robinson,38,San Diego,CA,2021-09-17
107,Lucas,Johnson,58,San Diego,CA,2021-01-30
108,Luna,Moore,71,Fort Worth,TX,2020-05-22
109,Harper,Thompson,57,Minneapolis,MN,2022-11-09
110,Addison,Wright,37,Fort Worth,TX,2020-02-26
111,Benjamin,Lopez,53,Houston,TX,2021-06-27
112,James,Hill,43,Los Angeles,CA,2021-12-08
113,Jack,Ramirez,54,Atlanta,GA,2022-11-13
114,Aiden,Torres,28,Houston,TX,2021-06-05
115,Aubrey,Ramirez,16,Los Angeles,CA,2022-11-30
116,Addison,Campbell,63,Seattle,WA,2023-10-05
117,Camila,Ramirez,20,San Antonio,TX,2023-09-22
118,Hannah,Lee,58,Austin,TX,2020-09-12
119,Evelyn,Allen,35,Atlanta,GA,2023-09-27
120,Jack,Sanchez,60,Columbus,OH,2021-08-28
121,Elijah,Gonzalez,42,Seattle,WA,2023-09-23
122,Addison,Mitchell,27,Fort Worth,TX,2023-06-14
123,Evelyn,Sanchez,51,Denver,CO,2020-01-01
124,Theodore,Wilson,43,San Jose,CA,2023-04-02
125,Lillian,Lee,45,Nashville,TN,2022-06-23
126,Addison,Wilson,48,Charlotte,NC,2022-08-27
127,William,Nelson,21,Atlanta,GA,2021-08-04
128,Jackson,Green,55,San Francisco,CA,2021-11-17
129,Gabriel,Thomas,59,Chicago,IL,2021-09-27
130,Henry,Martinez,17,San Diego,CA,2020-04-04
131,Dylan,Flores,70,San Diego,CA,2020-05-29
132,Owen,Green,52,Charlotte,NC,2021-02-02
133,Daniel,Harris,47,Miami,FL,2022-03-29
134,Isabella,Adams,60,San Diego,CA,2020-01-12
135,Stella,Miller,65,Minneapolis,MN,2022-05-20
136,Mia,Hall,49,San Diego,CA,2022-08-09
137,Lily,Thomas,70,Los Angeles,CA,2020-09-05
138,Elijah,Robinson,58,Charlotte,NC,2022-12-23
139,Hudson,Lee,64,Seattle,WA,2022-06-25
140,Logan,Allen,43,Nashville,TN,2023-01-27
141,William,Mitchell,71,Charlotte,NC,2022-08-30
142,Benjamin,Carter,31,Charlotte,NC,2023-07-29
143,Stella,Roberts,49,Dallas,TX,2022-09-19
144,Amelia,Moore,44,Boston,MA,2020-06-07
145,Theodore,Thomas,33,Miami,FL,2021-11-18
146,Julian,Garcia,24,Austin,TX,2020-11-04
147,Aiden,Hall,25,San Diego,CA,2023-12-17
148,Oliver,Clark,42,San Antonio,TX,2021-11-08
149,Layla,Clark,19,Seattle,WA,2021-02-27
150,Aiden,Roberts,53,Columbus,OH,2023-11-25
151,Gabriel,Torres,40,New York,NY,2022-09-03
152,Sebastian,Martin,64,New York,NY,2022-03-09
153,Julian,Mitchell,63,Columbus,OH,2023-01-23
154,Lucas,Young,30,Nashville,TN,2021-07-12
155,Zoey,Johnson,40,Columbus,OH,2021-11-19
156,Addison,Sanchez,62,Portland,OR,2020-12-04
157,Elijah,Flores,50,Charlotte,NC,2020-02-25
158,Eleanor,Torres,58,Fort Worth,TX,2020-02-25
159,Lillian,Ramirez,24,Chicago,IL,2022-08-03
160,Emma,Taylor,40,Philadelphia,PA,2021-11-01
161,Layla,Lee,37,San Antonio,TX,2022-02-15
162,Gabriel,Clark,32,Dallas,TX,2020-06-16
163,Olivia,Mitchell,50,Indianapolis,IN,2020-04-16
164,Lucas,Adams,20,Jacksonville,FL,2023-08-27
165,Gabriel,Johnson,31,Los Angeles,CA,2021-02-12
166,Hannah,Martinez,31,New York,NY,2020-09-15
167,Jackson,Davis,52,Indianapolis,IN,2021-03-22
168,Daniel,Taylor,65,Charlotte,NC,2022-01-25
169,Hudson,Hill,63,Philadelphia,PA,2020-08-22
170,William,Martin,22,Minneapolis,MN,2023-03-31
171,Evelyn,Torres,59,New York,NY,2022-02-07
172,Aubrey,Gonzalez,20,Fort Worth,TX,2023-04-27
173,Mateo,Thomas,22,Miami,FL,2023-11-28
174,Evelyn,Baker,54,Minneapolis,MN,2020-09-04
175,Noah,Thompson,50,Denver,CO,2022-05-27
176,Camila,Jones,48,Portland,OR,2023-08-19
177,Liam,Clark,68,Austin,TX,2022-09-30
178,Riley,White,56,Houston,TX,2022-07-30
179,Isabella,Ramirez,27,Miami,FL,2022-12-04
180,Harper,Flores,67,Boston,MA,2023-01-07
181,Dylan,Robinson,43,Minneapolis,MN,2023-04-28
182,Jack,Thomas,69,Dallas,TX,2020-06-26
183,Wyatt,Thomas,64,Dallas,TX,2022-08-09
184,Hannah,Nelson,40,Denver,CO,2021-11-19
185,Zoey,Lee,27,New York,NY,2022-09-25
186,Sebastian,Taylor,37,San Antonio,TX,2021-07-26
187,Daniel,Moore,51,Nashville,TN,2020-01-21
188,Henry,Garcia,31,San Francisco,CA,2022-04-12
189,Lily,Carter,31,Indianapolis,IN,2023-11-15
190,Lillian,Rivera,47,Indianapolis,IN,2022-07-06
191,Ava,Jackson,30,New York,NY,2022-04-08
192,Amelia,Martin,58,Miami,FL,2023-04-06
193,Dylan,Scott,49,Jacksonville,FL,2021-12-05
194,Ellie,Scott,37,Columbus,OH,2021-12-21
195,Layla,Moore,35,Miami,FL,2021-05-29
196,Sophia,Campbell,28,San Diego,CA,2021-10-08
197,Ellie,Wright,64,Houston,TX,2023-11-14
198,Henry,Wilson,63,Philadelphia,PA,2022-09-18
199,Logan,Nguyen,64,Dallas,TX,2022-12-10
200,Theodore,Miller,69,Nashville,TN,2021-02-01
201,Lucas,White,27,San Jose,CA,2021-09-11
202,Aubrey,Wright,24,New York,NY,2021-07-15
203,Emma,Scott,34,Los Angeles,CA,2023-11-29
204,Mateo,Carter,47,Phoenix,AZ,2020-07-29
205,Luca,Jackson,46,New York,NY,2022-09-07
206,Luna,Lopez,19,Charlotte,NC,2021-06-01
207,Sophia,Jones,41,Indianapolis,IN,2022-10-04
208,Luca,Green,59,Chicago,IL,2020-04-19
209,Isabella,Torres,35,Phoenix,AZ,2020-06-23
210,Sophia,Scott,64,San Diego,CA,2022-05-02
211,Hudson,Flores,30,Nashville,TN,2022-12-06
212,Wyatt,Lewis,35,Fort Worth,TX,2023-04-20
213,Evelyn,Torres,55,Columbus,OH,2020-05-03
214,Ellie,Miller,64,Nashville,TN,2021-03-01
215,Charlotte,Taylor,58,Boston,MA,2020-06-15
216,Amelia,Lopez,51,Philadelphia,PA,2020-06-02
217,Liam,Clark,44,Philadelphia,PA,2023-11-12
218,Dylan,Jackson,18,Nashville,TN,2021-04-19
219,Aubrey,Jackson,60,San Jose,CA,2022-07-18
220,Addison,Anderson,32,Chicago,IL,2023-07-04
221,Jackson,Gonzalez,43,Denver,CO,2020-08-23
222,Lucas,Adams,25,Seattle,WA,2021-06-28
223,Oliver,Brown,26,Phoenix,AZ,2021-09-21
224,Ellie,Torres,34,Nashville,TN,2022-06-18
225,Layla,Hall,35,Houston,TX,2023-12-04
226,Harper,Allen,50,Fort Worth,TX,2022-10-08
227,Ava,Hill,18,Charlotte,NC,2022-06-03
228,Jack,Hill,32,Atlanta,GA,2020-02-22
229,Lucas,Baker,69,Chicago,IL,2023-03-24
230,Olivia,Carter,59,Denver,CO,2021-07-05
231,Noah,Carter,64,Denver,CO,2020-12-24
232,Nora,Adams,44,Indianapolis,IN,2021-07-23
233,Eleanor,Ramirez,56,Philadelphia,PA,2022-10-04
234,Dylan,Thompson,42,Chicago,IL,2021-11-13
235,Jackson,Miller,70,Austin,TX,2020-11-25
236,Owen,Hall,47,Austin,TX,2021-08-13
237,Penelope,Carter,51,Portland,OR,2020-03-16
238,Ava,Lee,32,Charlotte,NC,2021-10-24
239,Stella,Sanchez,71,Houston,TX,2022-11-19
240,Jackson,Wright,45,New York,NY,2022-04-26
241,Henry,King,39,Los Angeles,CA,2023-06-29
242,Zoey,Green,44,Minneapolis,MN,2020-04-15
243,Harper,Scott,24,San Antonio,TX,2021-08-12
244,Daniel,Young,23,Charlotte,NC,2020-02-29
245,Hudson,Thomas,61,Boston,MA,2020-11-20
246,Lily,Smith,51,San Jose,CA,2022-04-15
247,Lucas,Davis,45,Chicago,IL,2020-08-28
248,Isabella,Young,61,Boston,MA,2021-08-20
249,Aubrey,Moore,42,San Francisco,CA,2022-09-15
250,Amelia,Robinson,51,Indianapolis,IN,2020-10-23
251,Henry,Hill,48,Fort Worth,TX,2020-10-06
252,Harper,Roberts,66,Chicago,IL,2022-04-29
253,Leo,Moore,68,Austin,TX,2020-01-06
254,Logan,Martin,69,San Jose,CA,2023-04-17
255,Jackson,Young,71,Denver,CO,2020-10-31
256,Julian,Walker,38,Charlotte,NC,2021-11-11
257,Gabriel,Wright,40,Seattle,WA,2022-07-21
258,Henry,Hall,31,Austin,TX,2023-03-17
259,Lucas,Roberts,42,Fort Worth,TX,2020-03-30
260,Ellie,Walker,61,Austin,TX,2022-02-19
261,Jackson,Adams,25,Fort Worth,TX,2022-10-11
262,Elijah,Allen,53,Los Angeles,CA,2021-11-10
263,Wyatt,Miller,49,Houston,TX,2022-07-24
264,Logan,Martinez,42,New York,NY,2023-09-02
265,Oliver,Walker,66,Phoenix,AZ,2021-06-26
266,Hannah,Hall,41,Austin,TX,2023-08-23
267,Luna,Baker,70,Chicago,IL,2022-12-28
268,Jack,Green,61,Fort Worth,TX,2022-09-26
269,Noah,Flores,20,Seattle,WA,2021-04-25
270,Addison,Jackson,30,Boston,MA,2020-07-04
271,James,Carter,56,Columbus,OH,2023-12-12
272,Wyatt,Hernandez,60,Houston,TX,2021-09-05
273,Noah,Lee,66,New York,NY,2020-04-24
274,Sebastian,White,43,San Jose,CA,2020-10-25
275,Nora,Clark,52,San Diego,CA,2023-10-28
276,William,Lopez,21,Philadelphia,PA,2023-06-02
277,Hannah,Baker,31,Fort Worth,TX,2022-10-16
278,Isabella,Anderson,45,Denver,CO,2023-07-30
279,Layla,Taylor,58,Dallas,TX,2020-01-20
280,Theodore,Baker,50,Charlotte,NC,2020-11-19
281,Wyatt,Thompson,53,Chicago,IL,2021-09-04
282,Riley,Hall,32,Boston,MA,2022-07-24
283,Henry,Harris,70,San Jose,CA,2022-09-16
284,Amelia,Harris,52,Houston,TX,2022-01-05
285,Theodore,Hall,34,Denver,CO,2020-02-14
286,Penelope,Moore,16,Portland,OR,2023-03-05
287,Stella,Mitchell,19,Portland,OR,2023-05-26
288,Zoey,Jackson,65,Atlanta,GA,2021-04-16
289,Sebastian,Anderson,56,Nashville,TN,2021-01-24
290,Benjamin,Baker,64,Nashville,TN,2023-09-12
291,Elijah,Green,22,Portland,OR,2023-07-09
292,Noah,Martin,66,Boston,MA,2022-06-21
293,Eleanor,White,62,Los Angeles,CA,2020-09-26
294,Theodore,Lee,63,Chicago,IL,2022-04-30
295,Henry,Rodriguez,66,Philadelphia,PA,2023-01-09
296,Nora,Allen,33,Jacksonville,FL,2020-12-02
297,Dylan,Jackson,63,Dallas,TX,2021-11-24
298,Layla,Jones,25,Houston,TX,2021-04-07
299,Logan,Baker,41,Portland,OR,2023-02-15
300,Ava,Sanchez,16,Jacksonville,FL,2021-06-25
301,Sophia,Robinson,39,Seattle,WA,2023-10-09
302,Addison,Taylor,53,Atlanta,GA,2022-02-19
303,Camila,Miller,59,Boston,MA,2021-04-23
304,Olivia,Flores,72,Indianapolis,IN,2023-02-23
305,Hannah,Anderson,57,Austin,TX,2020-05-09
306,Layla,Hall,35,Boston,MA,2023-08-22
307,Sophia,Rodriguez,18,Columbus,OH,2020-03-17
308,Zoey,Davis,22,San Jose,CA,2021-04-25
309,Elijah,Harris,45,Seattle,WA,2022-01-29
310,Ellie,Hall,50,Portland,OR,2022-05-08
311,Ellie,Campbell,25,Denver,CO,2022-04-29
312,James,Young,55,Boston,MA,2022-04-15
313,Noah,Hall,39,Dallas,TX,2021-03-20
314,Wyatt,Thomas,70,Charlotte,NC,2022-01-12
315,Addison,White,50,Houston,TX,2023-08-13
316,Emma,Sanchez,33,Jacksonville,FL,2021-01-23
317,Layla,Garcia,58,Houston,TX,2021-03-10
318,Mateo,Hill,17,Boston,MA,2020-04-13
319,Amelia,Rodriguez,66,Austin,TX,2023-03-02
320,Oliver,Carter,51,San Antonio,TX,2021-02-28
321,Charlotte,Anderson,37,Denver,CO,2020-10-29
322,Liam,Moore,70,Nashville,TN,2020-10-23
323,Julian,Taylor,67,Phoenix,AZ,2020-12-23
324,Jackson,Johnson,24,Houston,TX,2020-01-31
325,Amelia,Nguyen,36,Jacksonville,FL,2020-02-02
326,Benjamin,Brown,24,Philadelphia,PA,2022-05-12
327,Sophia,Mitchell,20,San Francisco,CA,2022-09-02
328,Stella,White,48,Charlotte,NC,2023-04-30
329,Wyatt,Allen,30,Houston,TX,2023-06-13
330,Logan,Nelson,49,Los Angeles,CA,2021-09-09
331,Lillian,Johnson,19,Charlotte,NC,2022-09-07
332,Riley,Baker,22,Fort Worth,TX,2022-10-01
333,Wyatt,Jones,21,Miami,FL,2021-10-21
334,Isabella,Jones,24,Nashville,TN,2021-07-17
335,Mateo,Nguyen,51,Nashville,TN,2023-12-29
336,Aiden,Hill,49,Austin,TX,2021-08-26
337,Leo,Hill,43,Charlotte,NC,2020-07-22
338,Sophia,Adams,57,Miami,FL,2023-02-03
339,Charlotte,Ramirez,44,Atlanta,GA,2021-04-12
340,Luna,Robinson,41,Columbus,OH,2022-05-01
341,James,Lee,43,Atlanta,GA,2021-10-02
342,Benjamin,White,25,Portland,OR,2023-11-07
343,Oliver,Garcia,69,Indianapolis,IN,2020-06-23
344,Riley,Miller,63,Chicago,IL,2022-02-02
345,Lily,Brown,53,Phoenix,AZ,2023-02-24
346,Luna,Nelson,23,Seattle,WA,2022-04-21
347,Jackson,Carter,43,Jacksonville,FL,2020-04-15
348,Hudson,Martin,38,San Jose,CA,2020-07-31
349,Leo,Wilson,25,Denver,CO,2023-09-06
350,Lucas,Miller,38,Indianapolis,IN,2023-02-13
351,Sophia,Carter,33,Jacksonville,FL,2023-03-21
352,Riley,Scott,65,San Diego,CA,2023-06-27
353,Addison,Adams,51,Nashville,TN,2020-02-23
354,Jackson,Hall,33,Nashville,TN,2020-02-29
355,Harper,Hall,64,Philadelphia,PA,2021-09-24
356,Sebastian,Smith,27,Austin,TX,2020-10-20
357,Jackson,Sanchez,20,Denver,CO,2020-10-17
358,Mateo,Johnson,21,Atlanta,GA,2022-12-22
359,Aiden,Clark,45,San Antonio,TX,2021-11-29
360,Camila,Martin,62,Philadelphia,PA,2021-10-26
361,Luca,Hill,21,Minneapolis,MN,2020-04-17
362,William,Carter,55,Phoenix,AZ,2020-04-11
363,Ava,Moore,44,Portland,OR,2023-09-17
364,Zoey,Hill,44,Columbus,OH,2022-04-28
365,Charlotte,Carter,48,Dallas,TX,2020-08-21
366,Riley,Davis,34,Jacksonville,FL,2023-10-20
367,Eleanor,Young,49,Portland,OR,2023-09-28
368,Noah,Anderson,41,San Jose,CA,2023-05-12
369,Liam,Wilson,35,Los Angeles,CA,2021-03-08
370,Elijah,Carter,32,Minneapolis,MN,2021-08-15
371,Sophia,Smith,47,Austin,TX,2022-05-31
372,Elijah,Harris,50,Philadelphia,PA,2023-12-12
373,Leo,Scott,69,San Diego,CA,2023-09-30
374,Oliver,Sanchez,71,Jacksonville,FL,2020-03-27
375,Olivia,Robinson,20,Columbus,OH,2021-10-03
376,Riley,Torres,41,Denver,CO,2023-12-24
377,Owen,Jackson,23,Boston,MA,2022-04-09
378,Jack,Hernandez,67,New York,NY,2023-06-19
379,Daniel,White,21,Charlotte,NC,2022-06-13
380,Amelia,Ramirez,53,Houston,TX,2022-03-31
381,Ava,Sanchez,71,San Francisco,CA,2021-09-27
382,Luna,Anderson,37,Atlanta,GA,2020-12-10
383,Leo,Green,23,Chicago,IL,2022-12-22
384,Henry,Roberts,38,San Francisco,CA,2021-12-20
385,Lillian,Martinez,31,Atlanta,GA,2020-07-29
386,Benjamin,Gonzalez,27,Phoenix,AZ,2023-05-18
387,Gabriel,Carter,57,Phoenix,AZ,2020-06-03
388,Stella,Green,47,Philadelphia,PA,2022-08-08
389,Luca,Carter,53,Minneapolis,MN,2022-07-08
390,Luca,Adams,56,Portland,OR,2023-07-03
391,Mateo,Lee,25,Austin,TX,2022-06-19
392,Dylan,Lewis,56,Chicago,IL,2021-09-12
393,Eleanor,Brown,38,Dallas,TX,2022-11-05
394,Evelyn,Robinson,44,Chicago,IL,2020-03-18
395,Camila,Jackson,20,Los Angeles,CA,2023-08-13
396,Hannah,Hill,48,Chicago,IL,2022-02-26
397,Eleanor,Scott,66,Charlotte,NC,2020-03-25
398,Luca,Adams,28,Charlotte,NC,2021-10-20
399,Dylan,Allen,25,Nashville,TN,2020-05-06
400,James,Perez,61,Charlotte,NC,2020-06-21
401,Lillian,Lopez,18,San Francisco,CA,2021-05-22
402,Wyatt,Lewis,49,Miami,FL,2022-12-06
403,William,White,39,Nashville,TN,2021-08-02
404,Owen,Roberts,37,Fort Worth,TX,2023-10-22
405,Emma,Green,57,Nashville,TN,2021-11-16
406,Luna,Miller,51,Chicago,IL,2023-10-21
407,Theodore,Taylor,62,Fort Worth,TX,2023-09-06
408,Isabella,Perez,21,Nashville,TN,2023-04-08
409,Isabella,Thompson,35,Portland,OR,2023-09-05
410,Jackson,Sanchez,24,Miami,FL,2023-05-03
411,Ava,Martin,51,Miami,FL,2022-02-10
412,Luna,Rodriguez,58,Boston,MA,2023-12-10
413,Addison,King,21,Atlanta,GA,2023-08-16
414,Riley,Allen,39,Portland,OR,2020-02-07
415,Evelyn,Lopez,29,Jacksonville,FL,2021-11-30
416,Zoey,Gonzalez,30,Minneapolis,MN,2020-10-08
417,Oliver,Jackson,70,Phoenix,AZ,2020-07-26
418,Stella,Wright,69,San Francisco,CA,2022-12-14
419,Jackson,Perez,72,Los Angeles,CA,2023-06-19
420,Hudson,Harris,25,Phoenix,AZ,2020-11-28
421,Daniel,Roberts,55,Philadelphia,PA,2020-12-05
422,Wyatt,Williams,42,Atlanta,GA,2022-01-16
423,Logan,Thomas,44,Portland,OR,2023-06-04
424,Gabriel,Mitchell,66,San Jose,CA,2022-07-08
425,Julian,Thomas,35,San Diego,CA,2022-08-18
426,Camila,Baker,52,San Antonio,TX,2022-06-21
427,Stella,Jackson,65,Charlotte,NC,2022-02-21
428,Nora,Clark,26,San Francisco,CA,2021-02-12
429,Elijah,Taylor,19,Nashville,TN,2023-08-06
430,Camila,Scott,22,Indianapolis,IN,2023-12-27
431,Sophia,Jackson,21,San Francisco,CA,2020-11-24
432,Wyatt,Allen,25,Dallas,TX,2022-06-14
433,Lucas,Lewis,72,Chicago,IL,2021-12-16
434,Owen,Brown,41,New York,NY,2022-10-25
435,Amelia,Harris,21,Jacksonville,FL,2022-02-06
436,Olivia,Lee,22,San Diego,CA,2023-08-24
437,Isabella,Rodriguez,18,Austin,TX,2021-08-10
438,Daniel,Rodriguez,64,Indianapolis,IN,2023-12-15
439,Wyatt,Flores,16,Indianapolis,IN,2020-06-11
440,Benjamin,Wilson,69,New York,NY,2020-11-02
441,Logan,Hill,49,Seattle,WA,2022-05-16
442,Stella,Jackson,31,Houston,TX,2021-09-08
443,Emma,Thomas,42,Houston,TX,2023-08-01
444,Layla,Jones,23,Nashville,TN,2022-10-20
445,Julian,Johnson,56,Nashville,TN,2022-11-21
446,Amelia,Rivera,25,Denver,CO,2021-08-19
447,Liam,Flores,38,Columbus,OH,2021-05-07
448,Owen,Lopez,58,Denver,CO,2023-09-30
449,Nora,White,20,Chicago,IL,2022-12-13
450,Leo,Allen,51,Seattle,WA,2020-02-11
451,Dylan,Williams,56,Fort Worth,TX,2022-03-03
452,Benjamin,Mitchell,17,Jacksonville,FL,2022-01-01
453,Sebastian,Thomas,62,Chicago,IL,2023-09-07
454,James,Roberts,53,Boston,MA,2021-11-11
455,Noah,Thompson,50,Phoenix,AZ,2021-11-24
456,Mia,Roberts,59,Boston,MA,2022-08-09
457,Dylan,Green,27,Miami,FL,2020-10-03
458,Aubrey,Roberts,45,Chicago,IL,2020-03-16
459,Henry,Williams,66,San Jose,CA,2021-02-12
460,Jack,Martin,48,Los Angeles,CA,2022-03-26
461,Dylan,Taylor,18,Seattle,WA,2023-08-17
462,Theodore,Thompson,71,San Antonio,TX,2020-04-07
463,Luna,Moore,23,Boston,MA,2022-01-23
464,Penelope,Mitchell,44,Columbus,OH,2022-03-02
465,Mia,Young,60,Austin,TX,2022-10-15
466,Nora,Moore,67,Jacksonville,FL,2020-06-18
467,Riley,Garcia,43,Atlanta,GA,2023-05-18
468,Julian,Jackson,36,Philadelphia,PA,2020-07-29
469,Jack,Nelson,34,Chicago,IL,2021-09-19
470,Hudson,Rivera,43,Charlotte,NC,2020-12-07
471,Wyatt,Thompson,44,Miami,FL,2020-03-27
472,Sebastian,Flores,43,Atlanta,GA,2021-07-16
473,Emma,Jones,58,Boston,MA,2023-07-29
474,Camila,Allen,67,Fort Worth,TX,2023-10-23
475,Olivia,Martinez,70,Philadelphia,PA,2023-05-29
476,Wyatt,Williams,24,Portland,OR,2020-05-17
477,Stella,Adams,39,San Diego,CA,2022-01-11
478,Luca,Williams,54,Fort Worth,TX,2020-11-10
479,Wyatt,White,39,Portland,OR,2022-06-28
480,Oliver,Torres,24,Minneapolis,MN,2022-12-20
481,Penelope,Lee,57,Jacksonville,FL,2021-07-24
482,Sophia,Johnson,63,San Diego,CA,2021-01-16
483,Nora,Harris,51,Indianapolis,IN,2020-08-29
484,Stella,Taylor,61,Dallas,TX,2022-07-02
485,Hannah,Jackson,60,San Antonio,TX,2022-10-02
486,Sophia,Rodriguez,70,San Antonio,TX,2020-05-31
487,Mia,Rivera,44,Charlotte,NC,2020-06-28
488,Jack,Nelson,38,Portland,OR,2023-12-24
489,Lily,Wright,34,Chicago,IL,2021-09-06
490,Aubrey,Rivera,60,Philadelphia,PA,2023-07-30
491,Camila,Allen,30,Philadelphia,PA,2020-09-05
492,Elijah,Thomas,66,San Antonio,TX,2022-10-08
493,Camila,Scott,52,New York,NY,2022-01-25
494,Lily,Rodriguez,55,Charlotte,NC,2020-06-25
495,Evelyn,Sanchez,61,Chicago,IL,2022-09-07
496,Owen,Roberts,42,San Francisco,CA,2023-03-23
497,Elijah,Lee,57,Chicago,IL,2020-05-31
498,Layla,Baker,49,Charlotte,NC,2021-12-06
499,Stella,Scott,56,Phoenix,AZ,2023-04-18
500,Stella,Rodriguez,43,Philadelphia,PA,2022-10-26
